TOPIC	NRO_APARICIONES
python	20
java	166
computer-science	3
algorithm	5
leetcode	7
cpp	10
interview	6
system-design	2
mysql	9
redis	10
spring	11
system	1
algorithms	8
jvm	7
zookeeper	5
snippets	1
design-patterns	1
principles	1
awesome-list	2
hacktoberfest	13
snippets-library	1
snippets-collection	1
elasticsearch	5
distributed-systems	2
spring-cloud	6
rpc	1
message-queue	1
high-availability	1
hystrix	1
ribbon	1
eureka	1
microservices-architecture	1
feign	1
high-concurrency	1
dubbo	2
advanced-java	1
distributed-search-engine	1
springcloud-config	1
doocs	2
framework	4
spring-boot	10
docker	6
mongodb	2
rabbitmq	2
elk	3
spring-security	2
swagger-ui	1
springboot	8
mybatis	7
springcloud	6
javascript	17
tree	2
algo	1
data-structures	5
leetcode-solutions	3
algorithms-datastructures	1
flow	1
rxjava	2
reactive-streams	2
guava	1
android	26
kotlin	12
graalvm	2
r	4
scala	6
sql	11
big-data	8
spark	3
jdbc	5
decompiler	2
dex	1
barcode	1
qr-code	1
zxing	1
upc	1
datamatrix	1
barcode-scanner	1
vue	1
codegenerator	1
antd	1
shiro	2
activiti	2
ant-design	1
low-code	1
jbpm	1
jeecg	1
vue3	1
ant-design-vue	1
jeecgboot	1
vben	1
agent	2
trace	1
classloader	1
alibaba	1
diagnosis	1
trouble-shooting	2
arthas	1
go	3
programmer	1
offer	1
demo	1
web	3
spring-boot-demo	1
spring-boot-2	1
in-action	1
xkcoding	1
sdk	2
open	1
weixin	1
wechat	1
weapp	1
mp	1
wechat-sdk	1
cp	1
weixin-sdk	1
miniapp	1
wxpay	1
miniprogram	1
wxjava	1
serialization	3
json	6
json-serialization	1
deserialization	2
json-parser	1
fastjson	1
json-serializer	1
best-performance	1
excel	1
xlsx	1
xls	1
poi	1
oom	1
jxl	1
ruby	5
webdriver	1
dotnet	3
selenium	1
http	5
orm	3
tool	1
util	1
hutool	1
tutorial	1
intellij	2
jetbrains	1
phpstorm	1
webstorm	1
rubymine	1
pycharm	1
android-studio	2
clion	1
intellij-idea	1
gogland	1
datagrip	1
react	2
kubernetes	3
angular	3
cloud	4
webpack	1
generator	1
yeoman-generator	1
jhipster	1
exoplayer	1
mediaplayer	1
map	1
set	1
list	1
queue	2
executor	2
cache	2
scheduler	2
redis-cluster	3
lock	1
session	1
tomcat	2
distributed	5
redis-client	3
hibernate	4
mapreduce	2
distributed-locks	1
spring-cache	2
flink	2
jenkins	1
groovy	5
devops	2
pipelines-as-code	1
continuous-integration	1
continuous-delivery	2
continuous-deployment	2
cicd	1
high-performance	2
connection-pool	1
monitoring	2
metrics	3
realtime	1
apm	2
tracing	2
game	1
desktop	1
tower-defense	1
mobile-game	1
multiplatform	1
rts	1
sandbox-game	1
mindustry	1
github	2
linux	4
markdown	2
open-source	2
development	1
ai	1
frontend	2
backend	2
tutorials	1
developer-tools	2
algorithms-and-data-structures	1
golang	5
csharp	6
python3	2
analyzer	1
ik-analysis	1
presto	1
hive	2
hadoop	3
c	8
objective-c	1
static-code-analysis	2
static-analysis	4
code-quality	2
log	1
logger	1
logcat	1
timber	1
pretty-printer	1
json-logging	1
openjdk	1
bytecode	4
compiler	2
jsp	2
java-decompiler	1
apk	1
war	1
smali	1
bytecode-viewer	1
dex2jar	1
fernflower	1
cfr	1
baksmali	1
procyon	1
recompiler	1
krakatau	1
reactive	2
netty	2
http2	2
concurrency	1
nio	1
vertx	1
event-loop	1
non-blocking	1
testing	3
mock	1
test-automation	3
mocking	1
mockito	1
testing-tools	2
mock-library	1
java-library	3
test-driven-development	1
mocks	1
mocking-framework	1
visualization	1
platform	2
mqtt	1
iot	1
coap	1
middleware	2
microservices	5
kafka	2
dashboard	1
snmp	1
websockets	2
widgets	1
iot-platform	1
lwm2m	1
thingsboard	1
iot-analytics	1
iot-solutions	1
material-design	3
drawer	1
material-ui	2
android-library	4
android-development	2
material-components	2
android-ui	1
material-theme	1
materialdrawer	1
navigation-drawer	1
drawerlayout	1
drawer-support	1
mikepenz	2
mobile	4
database	12
realtime-database	1
nosql-database	1
mobile-database	2
spring-boot-admin	1
windows	2
security	2
docker-compose	1
containers	1
lab	1
orchestration	1
swarm	1
swarm-mode	1
docker-tutorial	1
key-value	1
service-discovery	1
consensus	1
apache	3
coordination	1
configuration-management	1
distributed-database	1
distributed-configuration	1
zab	1
css	2
html	3
parser	5
dom	1
xml	2
jsoup	1
xpath	1
css-selectors	1
java-html-parser	1
aws	3
oauth2	3
authentication	1
openidconnect	1
authorization	2
sso	2
saml2	1
ldap-authentication	1
u2f-server	1
spring-framework	2
apache2	1
identity-provider	1
sso-authentication	1
websso	1
spring-webflow	1
duosecurity	1
mirai	1
chatbot	1
token	1
aouth2	1
graphql	2
typescript	5
schema	1
code-generator	4
graphql-schema	1
codegen	1
resolvers	1
c-sharp	2
bash	2
swift	2
php	6
c-plus-plus	4
clojure	2
lisp	1
makefile	1
webassembly	2
learn-to-code	1
mal	1
lisp-interpreter	1
k8s	1
bpmn	1
bpm	1
business-process	1
product-activiti	1
jwt	4
jackson	2
jwt-claims	1
jwt-tokens	1
jwt-token	1
jwt-bearer-tokens	1
jwt-authentication	1
jwt-server	1
jwt-auth	1
java-jwt	1
jwt-middleware	1
jjwt	1
jwtauth	1
class	1
gc	1
memory-allocation	1
hotspot	1
ios	2
buck	1
build-tool	1
rest	3
jax-rs	1
jdbi	1
dropwizard	1
web-framework	3
jetty	3
jersey2	1
restful-webservices	1
jersey-framework	1
java8	5
reactor	1
javaweb	1
spring-webflux	1
hsweb	1
r2dbc	1
ddd	1
javafx	1
asm	1
drools	1
aop	1
javassist	1
mybaits	1
dropwizard-metrics	1
metrics-library	1
cassandra	1
math	2
competitive-programming	1
leetcode-java	2
interview-preparation	1
google-interview	1
faang-interview	1
faang-preparation	1
faang-questions	1
command-line-tool	1
rest-api	3
swagger	3
openapi	3
openapi-specification	1
swagger-api	1
openapi3	1
pdf	3
os	1
cs-books	1
git	2
html5	1
js	1
css3	1
java-8	1
html-css-javascript	1
github-config	1
nodejs	2
bot	1
dotnetcore	1
bot-framework	1
microsoft-bot-framework	1
bot-builder	1
azure-bot-service	1
postgresql	3
mariadb	1
database-migrations	1
database-management	1
database-administration	1
aurora	1
flyway	1
boxfuse-gmbh	1
db2	2
sqlserver	3
redgate	1
database-deployment	1
storm	1
redis-sentinel	2
jedis	1
redis-cache	1
lettuce	1
cachecloud	1
redis-monitor	1
jmeter	1
javaee	1
network-server	1
acknowledgements	1
interview-questions	1
study-guide	1
interview-prep	1
preface	1
leetcode-patterns	1
ipc	1
messaging	1
multicast-streams	1
opencv	1
computer-vision	1
ffmpeg	1
multimedia	1
maven	1
javacv	1
opencv-java	1
test	1
data-science	1
machine-learning	1
multi-threading	1
opensource	1
deep-learning	1
random-forest	1
gpu	1
naive-bayes	1
h2o	1
pca	1
gbm	1
ensemble-learning	1
automl	1
json-schema	1
gson	1
maven-plugin	1
gradle-plugin	1
ant-task	1
retrofit2	1
android-tv	1
rxjava-android	1
android-tv-box	1
nosql	3
zeppelin	1
springmvc	1
ssm	2
dart	2
rust	2
ansible	1
tree-sitter	1
curl	1
matlab	1
scraping	1
python-requests	1
microservice	2
servlet	2
javalin	1
streaming	1
beam	1
batch	1
graphql-java	1
unit-testing	1
robolectric	1
minecraft	2
forge	1
mod	1
cloning	1
kryo	1
documentation	1
programming	1
examples	1
serverless	1
cloudnative	1
oauth	1
scribe	1
scribejava	1
scribe-java	1
scribejava-httpclient	1
exploit	1
gadget	1
poc	1
vulnerability	1
javadeser	1
junit	1
test-framework	1
kotlin-testing	1
junit-vintage	1
junit-jupiter	1
junit-platform	1
image-processing	1
blur	1
performance	1
camera	1
ndk	1
native	1
camera-api	1
captured-images	1
capture-video	1
async	1
threadsafe	1
asynchronous	2
thread	1
context	1
thread-pool	1
dapper	1
threadlocal	1
transmittable	1
distributed-tracing	1
transmittable-thread-local	1
fork-join-pool	1
async-context	1
java-platform	1
java-application	1
btrace	1
awesome	1
build-automation	1
load-testing	1
software-quality	1
software-testing	1
performance-testing	1
language	2
interpreter	1
book	1
scripting-language	1
lox	1
learning	1
education	1
flashcards	1
srs	1
anki	1
ankidroid	1
habits	1
streak	1
habit-tracker	1
material	1
fontawesome	1
icon-font	1
meteocons	1
android-icon	1
material-icons	1
google-material	1
compose	1
weather-icons	1
foundation-icons	1
google-material-icons	1
android-compose	1
gradle	1
jpa	2
unitofwork	1
envers	1
java8-times	1
instrumentation	2
java-agent	2
dynamic-proxy	1
java-virtual-machine	2
byte-code	1
oracle	2
sql-query	1
sql-builder	1
sql-query-builder	1
jooq	1
sql-query-formatter	1
jdbc-utilities	1
sql-formatter	1
joda	1
joda-time	1
date-time	1
functional-programming	1
javaslang	1
immutable-collections	1
object-functional	1
persistent-collections	1
vavr	1
dx-sdk	1
linked-list	1
stack	1
graph	1
array	1
recursion	1
bit-manipulation	1
complexity	1
sorting-algorithms	1
heap	1
interview-practice	1
dynamic-programming	1
hashtable	1
greedy-algorithms	1
azure-redis-cache	1
aws-elasticache	1
hbase	1
formatter	1
rule-engine	1
dmn	1
sentinel	1
canal	1
nacos	2
springcloud-alibaba	1
integration	1
camel	1
springframework	1
spring-security-jwt	1
search	1
search-engine	1
information-retrieval	1
solr	1
lucene	1
wiki	1
ide	1
code-analysis	1
ast	2
javadoc	1
syntax-tree	1
code-generation	1
javaparser	1
ttps	1
abstract-syntax-tree	1
javasymbolsolver	1
chat	2
xmpp	2
messenger	1
instant-messaging	2
jabber	2
objectbox	1
edge-computing	1
emulator	1
optimization	1
virtual-machine	1
reverse-engineering	1
malware	1
deobfuscation	1
malware-analyzer	1
dalvik	1
malware-analysis	1
malware-research	1
deobfuscator	1
android-malware	1
reverse-engineer-apk	1
emacs	1
eslint	1
language-server-protocol	1
language-server-client	1
firefox	1
chrome	1
downloader	1
video-downloader	1
macosx	1
media-converter	1
streaming-video	1
video-converter	1
download-manager	1
download-accelerator	1
filemanager	1
mvvm	1
fdroid	1
playstore	1
library	1
node	1
azure	1
rest-client	1
amazon	1
aws-sdk	1
circuitbreaker	1
timeout	1
retry	1
rate-limiter	1
resilience	1
bulkhead	1
resiliency-patterns	1
rainbow	1
intellij-plugin	1
rainbowify	1
rainbow-brackets	1
rainbow-parentheses	1
blog	1
ssm-maven	1
paypal	1
statement	1
hierarchy	1
sql-statement	1
jsqlparser	1
audio	1
video	1
irc	1
sip	1
xmpp-client	1
icq	1
jitsi	1
rbac	1
zuul	1
gpe	1
spring-cloud-alibaba	1
sentiel	1
gps	1
traccar	1
gps-tracking	1
cli	1
commandline	1
converter	1
autocomplete	1
command-line	1
completion	1
annotations	1
ansi	1
executable	1
argument-parsing	1
subcommands	1
cli-framework	1
bash-completion	1
ansi-colors	1
options-parsing	1
command-line-parser	1
native-image	1
java-bytecode	1
workflow	1
akka	1
cron	1
fast	1
lightweight	1
consul	1
cloud-native	2
service-mesh	1
microservice-framework	1
msa	1
java11	2
faker-gem	1
java-faker	1
jcache	1
tls	1
ssl	1
embedded	1
https	1
eclipse	1
http-client	1
osgi	1
http-server	1
fcgi	1
unix-socket	1
http2-push	1
cordova	1
cordova-platform	1
debugging	1
cpu	1
monitor	1
debug	1
bistoury	1
stl	1
leetcode-questions	1
leetcoder	1
coverage	1
jacoco	1
java5	1
java17	1
java18	1
java19	1
translator	1
bukkit	1
spigot	1
bungee	1
proxy	1
protocol	1
velocity	1
bedrock	1
packet	1
pe	1
bedrock-edition	1
geyser	1
java-edition	1
geysermc	1
bedrock-to-java	1
radio	1
music	1
playlists	1
playlist	1
youtube	1
discord	1
soundcloud	1
discord-bot	1
jda	1
music-bot	1
musicbot	1
programming-language	1
wasm	1
astro	1
asmjs	1
spock-framework	1
bdd-style-testing-framework	1
processor	1
jna	1
operating-system	1
usb-devices	1
hardware-information	1
memory-usage	1
system-monitoring	1
cpu-usage	1
serialnumbers	1
disk-utilization	1
process-list	1
bi	1
highcharts	1
superset	1
metabase	1
report	1
data-analysis	1
designer	1
jfreechart	1
redash	1
print	1
birt	1
echarts	1
observability	1
echart	1
ireport	1
bigscreen	1
datav	1
fastreport	1
jasperreport	1
nifi	1
